{"total_tokens": 14983470, "total_bytes": 50496171, "compression": 3.370125278056418, "token_span_score": 0.0, "raw_identifier_splitting_score": 0.4075211657655055, "identifier_splitting_score": 0.7183583542699215, "identifier_fertility": 2.144219491531857}