{"total_tokens": 281267, "total_bytes": 862361, "compression": 3.0659871225561477, "token_span_score": 1.201282148613418, "raw_identifier_splitting_score": 0.40943421916788303, "identifier_splitting_score": 0.6961562347782682, "identifier_fertility": 2.228571008748583}