{"total_tokens": 13035648, "total_bytes": 52268447, "compression": 4.009654679230369, "token_span_score": 0.0, "raw_identifier_splitting_score": 0.46629833516517505, "identifier_splitting_score": 0.7922868750443112, "identifier_fertility": 1.7939132116803882}