{"total_tokens": 240269, "total_bytes": 862361, "compression": 3.5891479966204547, "token_span_score": 1.241540535412314, "raw_identifier_splitting_score": 0.46743588958809007, "identifier_splitting_score": 0.769176607006132, "identifier_fertility": 1.8521821842097246}