{"total_tokens": 17333218, "total_bytes": 50655339, "compression": 2.922442849331267, "token_span_score": 0.0, "raw_identifier_splitting_score": 0.5944374090068532, "identifier_splitting_score": 0.829422141330888, "identifier_fertility": 1.7373285637225093}