{"total_tokens": 616818, "total_bytes": 1772457, "compression": 2.8735494100366723, "token_span_score": 1.246443255568878, "raw_identifier_splitting_score": 0.5902390346619104, "identifier_splitting_score": 0.8131180394820171, "identifier_fertility": 1.6906259202735885}