{"total_tokens": 288290, "total_bytes": 862361, "compression": 2.9912969579243125, "token_span_score": 1.2074215619893764, "raw_identifier_splitting_score": 0.43998560688386534, "identifier_splitting_score": 0.7213078853672844, "identifier_fertility": 2.1617086042833047}