{"total_tokens": 15327705, "total_bytes": 51119733, "compression": 3.3351198369227486, "token_span_score": 0.0, "raw_identifier_splitting_score": 0.43053090800146293, "identifier_splitting_score": 0.7371956841033265, "identifier_fertility": 2.085472390941018}