{"total_tokens": 14902625, "total_bytes": 51077894, "compression": 3.427442749180094, "token_span_score": 0.0, "raw_identifier_splitting_score": 0.24136542409733167, "identifier_splitting_score": 0.8335884523241113, "identifier_fertility": 1.500757090999982}