{"total_tokens": 538208, "total_bytes": 1772457, "compression": 3.293256510494084, "token_span_score": 1.5631957599066704, "raw_identifier_splitting_score": 0.23256759424957932, "identifier_splitting_score": 0.8105042618833402, "identifier_fertility": 1.4660047191690924}