{"total_tokens": 204889, "total_bytes": 862361, "compression": 4.2089179995021695, "token_span_score": 1.4929194689877985, "raw_identifier_splitting_score": 0.15137492744343703, "identifier_splitting_score": 0.7485438189274827, "identifier_fertility": 1.7823375388189868}