{"total_tokens": 11394528, "total_bytes": 51958576, "compression": 4.559958604691656, "token_span_score": 0.0, "raw_identifier_splitting_score": 0.15198444167749856, "identifier_splitting_score": 0.7742219523957238, "identifier_fertility": 1.7157042838063485}