{"total_tokens": 246974, "total_bytes": 913302, "compression": 3.697968207179703, "token_span_score": 1.439080046534597, "raw_identifier_splitting_score": 0.11909704798576498, "identifier_splitting_score": 0.8614570425056627, "identifier_fertility": 1.624695009208134}