{"total_tokens": 14982070, "total_bytes": 62714306, "compression": 4.185957347682931, "token_span_score": 0.0, "raw_identifier_splitting_score": 0.1236108354349811, "identifier_splitting_score": 0.8509016805457589, "identifier_fertility": 1.6533850912975203}