{"total_tokens": 265929, "total_bytes": 862361, "compression": 3.2428242124777666, "token_span_score": 1.1723093770886726, "raw_identifier_splitting_score": 0.4955602886156434, "identifier_splitting_score": 0.7520609230846798, "identifier_fertility": 2.040606365007446}