{"total_tokens": 14313212, "total_bytes": 51675048, "compression": 3.6103041022518214, "token_span_score": 0.0, "raw_identifier_splitting_score": 0.4918710000072305, "identifier_splitting_score": 0.7748555800187708, "identifier_fertility": 1.9734429326756393}