{"total_tokens": 282137, "total_bytes": 913302, "compression": 3.237086947121434, "token_span_score": 1.1808188478338382, "raw_identifier_splitting_score": 0.4999805793477767, "identifier_splitting_score": 0.817475877293601, "identifier_fertility": 2.0335315887753596}