{"total_tokens": 19142210, "total_bytes": 63133562, "compression": 3.2981333921213905, "token_span_score": 0.0, "raw_identifier_splitting_score": 0.5040905458272711, "identifier_splitting_score": 0.8062302291343675, "identifier_fertility": 2.0915850890630794}