{"total_tokens": 468812, "total_bytes": 1166660, "compression": 2.488545515046543, "token_span_score": 1.1900316276788043, "raw_identifier_splitting_score": 0.5440314647138687, "identifier_splitting_score": 0.8305972508684334, "identifier_fertility": 1.7346690106990976}