{"total_tokens": 23095880, "total_bytes": 65925415, "compression": 2.854423169846743, "token_span_score": 0.0, "raw_identifier_splitting_score": 0.5369919915730433, "identifier_splitting_score": 0.8240207057195456, "identifier_fertility": 2.409577676027366}