{"total_tokens": 19064782, "total_bytes": 60275433, "compression": 3.1616114466978957, "token_span_score": 0.0, "raw_identifier_splitting_score": 0.3552401386962374, "identifier_splitting_score": 0.7481251977448395, "identifier_fertility": 2.2147016383771434}