{"total_tokens": 291415, "total_bytes": 913302, "compression": 3.134025359024072, "token_span_score": 1.2126990192987797, "raw_identifier_splitting_score": 0.34540662275249673, "identifier_splitting_score": 0.7467917940977249, "identifier_fertility": 2.1598232979392655}