{"total_tokens": 26227559, "total_bytes": 77374942, "compression": 2.950138897790679, "token_span_score": 0.0, "raw_identifier_splitting_score": 0.37993504461445765, "identifier_splitting_score": 0.698487082491116, "identifier_fertility": 2.7199685886581975}