{"total_tokens": 486970, "total_bytes": 1406423, "compression": 2.8881101505226194, "token_span_score": 1.2159931847225303, "raw_identifier_splitting_score": 0.3823168495838481, "identifier_splitting_score": 0.7164219434230144, "identifier_fertility": 2.6613597091792327}