{"total_tokens": 16283929, "total_bytes": 51427360, "compression": 3.1581665579603055, "token_span_score": 0.0, "raw_identifier_splitting_score": 0.485793669994915, "identifier_splitting_score": 0.8458444662428992, "identifier_fertility": 1.6058504062952004}