{"total_tokens": 568149, "total_bytes": 1772457, "compression": 3.1197045141327364, "token_span_score": 1.3523087211696978, "raw_identifier_splitting_score": 0.47535512177467126, "identifier_splitting_score": 0.8253108115028449, "identifier_fertility": 1.5637086066759283}