{"total_tokens": 433748, "total_bytes": 1166660, "compression": 2.6897184540332173, "token_span_score": 1.4365615360922874, "raw_identifier_splitting_score": 0.21131710534087966, "identifier_splitting_score": 0.8396026538387632, "identifier_fertility": 1.627951240988247}