{"total_tokens": 19222679, "total_bytes": 66120864, "compression": 3.439731995732749, "token_span_score": 0.0, "raw_identifier_splitting_score": 0.20430500088702291, "identifier_splitting_score": 0.8423196035977178, "identifier_fertility": 2.2647020333134904}