{"total_tokens": 567462, "total_bytes": 1166660, "compression": 2.0559262117992043, "token_span_score": 1.1597521452505042, "raw_identifier_splitting_score": 0.48708666000643075, "identifier_splitting_score": 0.782143793763591, "identifier_fertility": 1.8529574802221631}