{"total_tokens": 25075500, "total_bytes": 62838297, "compression": 2.5059638691152717, "token_span_score": 0.0, "raw_identifier_splitting_score": 0.4815866793209968, "identifier_splitting_score": 0.7744531329179645, "identifier_fertility": 2.6460817118448707}