{"total_tokens": 17379843, "total_bytes": 62949617, "compression": 3.6219899684939616, "token_span_score": 0.0, "raw_identifier_splitting_score": 0.4231725440354272, "identifier_splitting_score": 0.8534888184417763, "identifier_fertility": 1.9753496503705859}