{"total_tokens": 262777, "total_bytes": 913302, "compression": 3.47557815181694, "token_span_score": 1.2584710183702568, "raw_identifier_splitting_score": 0.42690122896539134, "identifier_splitting_score": 0.8803983938987272, "identifier_fertility": 1.9173466905886107}