{"total_tokens": 19342624, "total_bytes": 49851052, "compression": 2.5772641809094776, "token_span_score": 0.0, "raw_identifier_splitting_score": 0.45614066436836664, "identifier_splitting_score": 0.7984953307282584, "identifier_fertility": 1.8136935492823256}