{"total_tokens": 700042, "total_bytes": 1772457, "compression": 2.5319295128006605, "token_span_score": 1.2875898198334028, "raw_identifier_splitting_score": 0.4493726363251532, "identifier_splitting_score": 0.7868828621385714, "identifier_fertility": 1.7794468662207166}