{"total_tokens": 18100611, "total_bytes": 49741715, "compression": 2.7480682834408188, "token_span_score": 0.0, "raw_identifier_splitting_score": 0.42531807510022773, "identifier_splitting_score": 0.7793214274461122, "identifier_fertility": 1.8586159414294907}