{"total_tokens": 642367, "total_bytes": 1772457, "compression": 2.7592591151164365, "token_span_score": 1.2792200847746045, "raw_identifier_splitting_score": 0.41291826212504396, "identifier_splitting_score": 0.7551100795176534, "identifier_fertility": 1.826196030779271}