{"total_tokens": 426205, "total_bytes": 1406423, "compression": 3.29987447355146, "token_span_score": 1.2526059568600199, "raw_identifier_splitting_score": 0.4413546424551192, "identifier_splitting_score": 0.808583596584215, "identifier_fertility": 2.3705239928032515}