{"total_tokens": 24663017, "total_bytes": 83403205, "compression": 3.381711369699822, "token_span_score": 0.0, "raw_identifier_splitting_score": 0.4534355769950126, "identifier_splitting_score": 0.8109805383815265, "identifier_fertility": 2.3801068058103874}