{"total_tokens": 497252, "total_bytes": 1406423, "compression": 2.8283908360348473, "token_span_score": 1.2104215597238925, "raw_identifier_splitting_score": 0.38789650285126265, "identifier_splitting_score": 0.7180331267311857, "identifier_fertility": 2.6955154435056294}