{"total_tokens": 26796004, "total_bytes": 76125323, "compression": 2.8409207208656935, "token_span_score": 0.0, "raw_identifier_splitting_score": 0.38955274997676376, "identifier_splitting_score": 0.7029638071972895, "identifier_fertility": 2.7556001646736865}