{
  "metrics": {
    "java": {
      "compression": 3.256999750283682,
      "identifier_fertility": 2.505244159832129,
      "identifier_splitting_score": 0.6909366615489378,
      "raw_identifier_splitting_score": 0.4461359563834841,
      "token_span_score": 1.2046538117821588,
      "total_tokens": 281267,
      "total_bytes": 862361
    },
    "go": {
      "compression": 2.4751810283656144,
      "identifier_fertility": 1.8299511413449205,
      "identifier_splitting_score": 0.7942239162942097,
      "raw_identifier_splitting_score": 0.48600484152039103,
      "token_span_score": 1.1764644432974494,
      "total_tokens": 504425,
      "total_bytes": 1166660
    },
    "javascript": {
      "compression": 2.8214700608891206,
      "identifier_fertility": 2.7315805068158676,
      "identifier_splitting_score": 0.6979835189687775,
      "raw_identifier_splitting_score": 0.4632872620954333,
      "token_span_score": 1.2274496911560084,
      "total_tokens": 425985,
      "total_bytes": 1074299
    },
    "python": {
      "compression": 3.2386411689244547,
      "identifier_fertility": 2.1548029918184075,
      "identifier_splitting_score": 0.7797064431477259,
      "raw_identifier_splitting_score": 0.37996348967271315,
      "token_span_score": 1.1993635367815834,
      "total_tokens": 291415,
      "total_bytes": 913302
    },
    "c++": {
      "compression": 2.931220787208829,
      "identifier_fertility": 2.7886461893716765,
      "identifier_splitting_score": 0.7016614523431338,
      "raw_identifier_splitting_score": 0.40968816751800174,
      "token_span_score": 1.2159743709216504,
      "total_tokens": 486970,
      "total_bytes": 1406423
    }
  },
  "total_tokens": 1990062,
  "total_bytes": 5423045
}
