{
  "metrics": {
    "c++": {
      "compression": 3.0204348964932555,
      "identifier_fertility": 2.8940155127256433,
      "identifier_splitting_score": 0.691925375911194,
      "raw_identifier_splitting_score": 0.3980542279088505,
      "token_span_score": 0.0,
      "total_tokens": 40680285,
      "total_bytes": 120003999
    },
    "go": {
      "compression": 2.734344040581265,
      "identifier_fertility": 2.8301167791744217,
      "identifier_splitting_score": 0.741427465135071,
      "raw_identifier_splitting_score": 0.4690710550215103,
      "token_span_score": 0.0,
      "total_tokens": 30473169,
      "total_bytes": 81213472
    },
    "java": {
      "compression": 3.4362409340674023,
      "identifier_fertility": 2.3687983044165457,
      "identifier_splitting_score": 0.7253372309450417,
      "raw_identifier_splitting_score": 0.41976493483673055,
      "token_span_score": 0.0,
      "total_tokens": 17523085,
      "total_bytes": 58689008
    },
    "python": {
      "compression": 3.2506220090260234,
      "identifier_fertility": 2.4397832043668797,
      "identifier_splitting_score": 0.7549654201597606,
      "raw_identifier_splitting_score": 0.34882796302708774,
      "token_span_score": 0.0,
      "total_tokens": 23276732,
      "total_bytes": 74030296
    },
    "javascript": {
      "compression": 2.894997056283612,
      "identifier_fertility": 1.9258915590818486,
      "identifier_splitting_score": 0.7925320593095014,
      "raw_identifier_splitting_score": 0.515849444504777,
      "token_span_score": 0.0,
      "total_tokens": 25343490,
      "total_bytes": 69316592
    }
  },
  "total_tokens": 137296761,
  "total_bytes": 403253367
}
