{
  "metrics": {
    "c++": {
      "compression": 3.9555303399252915,
      "identifier_fertility": 2.200800908803923,
      "identifier_splitting_score": 0.8110980911460124,
      "raw_identifier_splitting_score": 0.29039434132344283,
      "total_tokens": 31194631,
      "total_bytes": 120003999
    },
    "java": {
      "compression": 4.6419637760091925,
      "identifier_fertility": 1.8712768665561703,
      "identifier_splitting_score": 0.7803119224553069,
      "raw_identifier_splitting_score": 0.18932057662160948,
      "total_tokens": 12933914,
      "total_bytes": 58689008
    },
    "javascript": {
      "compression": 3.8269983578364277,
      "identifier_fertility": 1.5793654029848032,
      "identifier_splitting_score": 0.8439307828431168,
      "raw_identifier_splitting_score": 0.25595445739744904,
      "total_tokens": 19351448,
      "total_bytes": 69316592
    },
    "go": {
      "compression": 3.6604542470325367,
      "identifier_fertility": 2.486091852363094,
      "identifier_splitting_score": 0.831768761772225,
      "raw_identifier_splitting_score": 0.21941253275866002,
      "total_tokens": 22809974,
      "total_bytes": 81213472
    },
    "python": {
      "compression": 4.317519724817063,
      "identifier_fertility": 1.8097729393534263,
      "identifier_splitting_score": 0.8539159595877164,
      "raw_identifier_splitting_score": 0.10590818741500262,
      "total_tokens": 17580624,
      "total_bytes": 74030296
    }
  },
  "total_tokens": 103870591,
  "total_bytes": 403253367
}
