{
  "metrics": {
    "java": {
      "compression": 4.091290419652065,
      "identifier_fertility": 2.2875317839014873,
      "identifier_splitting_score": 0.13800976681077815,
      "raw_identifier_splitting_score": 0.021538860217079205,
      "token_span_score": 0.0,
      "total_tokens": 14695969,
      "total_bytes": 58689008
    },
    "c++": {
      "compression": 3.47419289394521,
      "identifier_fertility": 2.5524813572320495,
      "identifier_splitting_score": 0.15145967542208078,
      "raw_identifier_splitting_score": 0.03180837136713438,
      "token_span_score": 0.0,
      "total_tokens": 35443676,
      "total_bytes": 120003999
    },
    "python": {
      "compression": 3.7308369576586577,
      "identifier_fertility": 2.127179024624649,
      "identifier_splitting_score": 0.14970422448424306,
      "raw_identifier_splitting_score": 0.026974108926754573,
      "token_span_score": 0.0,
      "total_tokens": 20319808,
      "total_bytes": 74030296
    },
    "go": {
      "compression": 3.092816666132606,
      "identifier_fertility": 3.0675011700102215,
      "identifier_splitting_score": 0.22708376098046706,
      "raw_identifier_splitting_score": 0.038788808744708594,
      "token_span_score": 0.0,
      "total_tokens": 26842971,
      "total_bytes": 81213472
    },
    "javascript": {
      "compression": 3.381822190578259,
      "identifier_fertility": 1.983923855914396,
      "identifier_splitting_score": 0.25820421884190414,
      "raw_identifier_splitting_score": 0.062011689811552875,
      "token_span_score": 0.0,
      "total_tokens": 22022305,
      "total_bytes": 69316592
    }
  },
  "total_tokens": 119324729,
  "total_bytes": 403253367
}
