{
  "metrics": {
    "java": {
      "compression": 3.8477347317288664,
      "identifier_fertility": 2.3832589378481597,
      "identifier_splitting_score": 0.14687668246027966,
      "raw_identifier_splitting_score": 0.029445836278295247,
      "token_span_score": 0.0,
      "total_tokens": 240269,
      "total_bytes": 862361
    },
    "c++": {
      "compression": 3.3595629123006434,
      "identifier_fertility": 2.5418408256217355,
      "identifier_splitting_score": 0.17431428658545214,
      "raw_identifier_splitting_score": 0.038955264737069846,
      "token_span_score": 0.0,
      "total_tokens": 426205,
      "total_bytes": 1406423
    },
    "javascript": {
      "compression": 3.2792671598625036,
      "identifier_fertility": 2.269878046531303,
      "identifier_splitting_score": 0.24403649098960428,
      "raw_identifier_splitting_score": 0.05330995003528476,
      "token_span_score": 0.0,
      "total_tokens": 382114,
      "total_bytes": 1074299
    },
    "go": {
      "compression": 2.773077326018526,
      "identifier_fertility": 2.392192428074076,
      "identifier_splitting_score": 0.20387799673288132,
      "raw_identifier_splitting_score": 0.033060859763298714,
      "token_span_score": 0.0,
      "total_tokens": 455493,
      "total_bytes": 1166660
    },
    "python": {
      "compression": 3.639144397757117,
      "identifier_fertility": 1.6654362134213372,
      "identifier_splitting_score": 0.17546124215941886,
      "raw_identifier_splitting_score": 0.04650171982075518,
      "token_span_score": 0.0,
      "total_tokens": 262777,
      "total_bytes": 913302
    }
  },
  "total_tokens": 1766858,
  "total_bytes": 5423045
}
