{"total_tokens": 459956, "total_bytes": 1406423, "compression": 3.0577337832314395, "token_span_score": 1.1861636346735533, "raw_identifier_splitting_score": 0.4842640015731706, "identifier_splitting_score": 0.7761785622735344, "identifier_fertility": 2.4971484631162983}