{"total_tokens": 26478134, "total_bytes": 82500627, "compression": 3.115802155846783, "token_span_score": 0.0, "raw_identifier_splitting_score": 0.49079998775600314, "identifier_splitting_score": 0.7641421607028467, "identifier_fertility": 2.5298809402925317}