{"total_tokens": 20238018, "total_bytes": 62066961, "compression": 3.0668497774831507, "token_span_score": 0.0, "raw_identifier_splitting_score": 0.3806581480092392, "identifier_splitting_score": 0.7771452413091224, "identifier_fertility": 2.183197867873182}