{"total_tokens": 362194, "total_bytes": 913302, "compression": 2.521582356416727, "token_span_score": 1.210897993645139, "raw_identifier_splitting_score": 0.3765109878446959, "identifier_splitting_score": 0.7924191114369507, "identifier_fertility": 2.1158809341714058}