{"total_tokens": 20979353, "total_bytes": 81149915, "compression": 3.8680847307350232, "token_span_score": 0.0, "raw_identifier_splitting_score": 0.26956436303717324, "identifier_splitting_score": 0.8134268896810285, "identifier_fertility": 2.032133553347706}