{"total_tokens": 370225, "total_bytes": 1406423, "compression": 3.798833142008238, "token_span_score": 1.426919900466907, "raw_identifier_splitting_score": 0.26868496840379874, "identifier_splitting_score": 0.8194530797429488, "identifier_fertility": 2.048743340953352}