{"total_tokens": 504425, "total_bytes": 1166660, "compression": 2.312851266293304, "token_span_score": 1.1662036078048053, "raw_identifier_splitting_score": 0.46276430539087776, "identifier_splitting_score": 0.7602484783973706, "identifier_fertility": 1.8558945579919979}