{"total_tokens": 24032453, "total_bytes": 62939770, "compression": 2.618949051934066, "token_span_score": 0.0, "raw_identifier_splitting_score": 0.45627374476429317, "identifier_splitting_score": 0.7520356815083645, "identifier_fertility": 2.5696197715487683}