{"total_tokens": 22406211, "total_bytes": 65808245, "compression": 2.937053703546753, "token_span_score": 0.0, "raw_identifier_splitting_score": 0.5598648546810083, "identifier_splitting_score": 0.8720597058723364, "identifier_fertility": 2.2734968965253883}