{"total_tokens": 455493, "total_bytes": 1166660, "compression": 2.5613126875714887, "token_span_score": 1.2031822664404184, "raw_identifier_splitting_score": 0.560981752803579, "identifier_splitting_score": 0.8736962261193929, "identifier_fertility": 1.6195686284865751}